date,score,quality,total_h,deep_h,light_h,rem_h,awake_h,resting_hr,avg_hr,avg_hrv,hrv_7d_avg,hrv_status,avg_spo2,avg_respiration,body_battery_change,sleep_need_h,skin_temp_c
2026-09-02,96,EXCELLENT,6.05,1.38,2.99,1.51,0.17,43,46,74,74,BALANCED,,15.3,43,8.0,
2026-09-01,85,GOOD,6.83,1.42,3.68,1.56,0.17,45,49,79,81,BALANCED,,15.6,64,8.0,
2026-08-30,95,EXCELLENT,7.07,1.53,3.52,1.74,0.28,47,52,86,87,BALANCED,,13.6,73,8.0,
2026-08-29,98,EXCELLENT,7.01,1.27,3.66,1.79,0.29,45,49,84,81,BALANCED,,14.5,58,8.0,
2026-08-28,82,GOOD,6.27,1.48,3.25,1.32,0.22,45,48,82,85,BALANCED,,15.8,69,8.0,
2026-08-27,98,EXCELLENT,7.29,1.57,3.91,1.33,0.48,44,50,80,81,BALANCED,,15.3,70,8.0,
2026-08-25,90,EXCELLENT,6.95,1.28,3.8,1.6,0.27,46,49,74,73,BALANCED,,14.5,42,8.0,
2026-08-24,98,EXCELLENT,7.5,1.79,3.87,1.62,0.22,46,52,86,85,BALANCED,,15.9,44,8.0,
2026-08-23,92,EXCELLENT,6.71,1.31,3.35,1.71,0.34,43,50,79,82,BALANCED,,13.7,46,8.0,
2026-08-22,95,EXCELLENT,6.43,1.16,3.74,1.19,0.34,44,46,87,85,BALANCED,,14.2,79,8.0,
2026-08-21,98,EXCELLENT,8.44,1.95,4.54,1.68,0.27,45,47,76,77,BALANCED,,14.3,62,8.0,
2026-08-20,89,GOOD,7.83,1.54,4.04,1.96,0.29,48,52,77,74,BALANCED,,14.4,63,8.0,
2026-08-19,98,EXCELLENT,8.53,1.78,4.8,1.74,0.21,45,52,78,81,BALANCED,,14.7,80,8.0,
2026-08-17,92,EXCELLENT,6.43,1.27,3.61,1.35,0.2,47,54,87,84,BALANCED,,13.1,78,8.0,
2026-08-16,88,GOOD,7.45,1.25,4.49,1.57,0.14,43,47,83,81,BALANCED,,14.9,74,8.0,
2026-08-15,92,EXCELLENT,6.45,1.3,3.39,1.53,0.23,45,48,85,84,BALANCED,,15.3,76,8.0,
2026-08-14,86,GOOD,6.3,1.24,3.57,1.19,0.3,46,53,89,87,BALANCED,,13.3,66,8.0,
2026-08-13,92,EXCELLENT,7.87,1.43,4.52,1.75,0.17,47,52,89,89,BALANCED,,15.8,73,8.0,
2026-08-12,98,EXCELLENT,8.52,1.75,4.56,1.76,0.45,44,51,74,74,BALANCED,,15.5,76,8.0,
2026-08-11,98,EXCELLENT,8.39,1.73,4.49,2.04,0.13,47,51,74,76,BALANCED,,14.4,65,8.0,
2026-08-10,87,GOOD,6.35,1.08,3.83,1.22,0.22,44,50,80,82,BALANCED,,14.2,78,8.0,
2026-08-09,98,EXCELLENT,8.28,1.6,4.3,2.12,0.26,45,50,80,81,BALANCED,,14.4,71,8.0,
2026-08-08,93,EXCELLENT,7.81,1.78,3.64,1.95,0.44,47,50,86,86,BALANCED,,14.4,68,8.0,
2026-08-07,94,EXCELLENT,7.24,1.54,3.7,1.73,0.27,46,53,87,88,BALANCED,,13.5,51,8.0,
2026-08-05,95,EXCELLENT,7.91,1.53,4.34,1.55,0.49,47,52,77,77,BALANCED,,15.3,44,8.0,
2026-08-04,96,EXCELLENT,7.15,1.29,4.07,1.52,0.27,44,46,85,82,BALANCED,,15.1,46,8.0,
2026-08-02,91,EXCELLENT,8.36,2.0,3.92,1.96,0.48,47,52,86,85,BALANCED,,14.9,65,8.0,
2026-07-31,92,EXCELLENT,6.2,1.2,3.36,1.36,0.28,44,50,73,75,BALANCED,,15.8,56,8.0,
2026-07-30,98,EXCELLENT,8.76,1.84,4.54,2.09,0.29,46,52,88,87,BALANCED,,14.3,57,8.0,
2026-07-29,89,GOOD,7.74,1.61,4.04,1.62,0.47,44,48,75,72,BALANCED,,13.2,55,8.0,
2026-07-26,98,EXCELLENT,7.57,1.64,3.59,1.96,0.38,44,47,84,85,BALANCED,,14.4,46,8.0,
2026-07-25,98,EXCELLENT,8.01,1.82,4.08,1.81,0.3,45,48,88,90,BALANCED,,14.1,80,8.0,
2026-07-22,91,EXCELLENT,6.26,1.38,2.87,1.53,0.48,47,50,78,76,BALANCED,,14.1,58,8.0,
2026-07-21,93,EXCELLENT,8.59,1.97,4.12,2.15,0.35,45,48,75,72,BALANCED,,15.9,80,8.0,
2026-07-20,98,EXCELLENT,7.47,1.44,4.16,1.44,0.43,46,51,77,74,BALANCED,,14.0,65,8.0,
2026-07-18,98,EXCELLENT,6.89,1.28,3.92,1.24,0.45,44,50,86,85,BALANCED,,14.3,64,8.0,
2026-07-16,98,EXCELLENT,8.22,1.65,4.6,1.71,0.26,48,55,78,81,BALANCED,,15.0,70,8.0,
2026-07-14,98,EXCELLENT,7.86,1.32,4.66,1.52,0.36,47,51,83,82,BALANCED,,15.2,72,8.0,
2026-07-13,82,GOOD,6.52,1.07,3.46,1.58,0.41,48,52,77,74,BALANCED,,15.3,58,8.0,
2026-07-12,98,EXCELLENT,7.18,1.38,3.83,1.64,0.33,46,50,75,76,BALANCED,,13.1,66,8.0,
2026-07-11,98,EXCELLENT,8.66,1.62,4.74,1.98,0.32,44,50,76,77,BALANCED,,14.7,55,8.0,
2026-07-10,98,EXCELLENT,7.52,1.38,4.09,1.8,0.25,47,49,79,82,BALANCED,,14.9,49,8.0,
2026-07-09,97,EXCELLENT,7.96,1.34,4.17,1.96,0.49,44,50,78,76,BALANCED,,13.5,71,8.0,
2026-07-08,93,EXCELLENT,8.28,1.7,4.46,1.72,0.4,46,53,82,81,BALANCED,,15.3,70,8.0,
2026-07-07,98,EXCELLENT,8.96,1.91,5.11,1.65,0.29,45,52,75,77,BALANCED,,15.9,67,8.0,
2026-07-06,92,EXCELLENT,6.26,1.17,3.71,1.28,0.1,48,53,76,75,BALANCED,,15.1,51,8.0,
2026-07-05,98,EXCELLENT,8.51,1.78,4.64,1.6,0.49,47,54,74,71,BALANCED,,15.5,46,8.0,
2026-07-04,98,EXCELLENT,8.62,1.41,5.29,1.8,0.12,44,49,81,84,BALANCED,,13.7,55,8.0,
2026-07-03,98,EXCELLENT,7.29,1.54,3.86,1.76,0.13,46,49,75,72,BALANCED,,15.5,49,8.0,
2026-07-02,98,EXCELLENT,8.7,1.65,4.44,2.18,0.43,45,52,80,79,BALANCED,,15.5,46,8.0,
2026-07-01,98,EXCELLENT,7.03,1.21,3.89,1.77,0.16,45,52,84,87,BALANCED,,15.5,74,8.0,
2026-06-30,98,EXCELLENT,7.85,1.8,3.92,1.99,0.14,46,53,80,77,BALANCED,,14.9,56,8.0,
2026-06-29,98,EXCELLENT,7.27,1.21,4.01,1.86,0.19,44,50,73,70,BALANCED,,13.1,74,8.0,
2026-06-28,95,EXCELLENT,8.94,1.77,5.03,1.69,0.45,47,52,75,73,BALANCED,,13.9,44,8.0,
2026-06-27,98,EXCELLENT,7.53,1.21,4.71,1.4,0.21,46,51,73,72,BALANCED,,14.1,63,8.0,
2026-06-26,98,EXCELLENT,6.88,1.35,4.05,1.32,0.16,44,49,88,91,BALANCED,,13.5,60,8.0,
2026-06-24,88,GOOD,7.68,1.71,4.18,1.62,0.17,46,50,73,70,BALANCED,,13.7,42,8.0,
2026-06-23,90,EXCELLENT,6.63,1.13,3.62,1.57,0.31,48,54,75,74,BALANCED,,13.4,73,8.0,
2026-06-22,98,EXCELLENT,7.49,1.43,3.96,1.66,0.44,44,49,78,81,BALANCED,,14.6,53,8.0,
2026-06-21,79,FAIR,5.39,1.08,2.78,1.35,0.18,45,51,77,78,BALANCED,,15.9,77,8.0,
2026-06-19,96,EXCELLENT,7.46,1.24,4.31,1.69,0.22,46,51,83,83,BALANCED,,15.4,41,8.0,
2026-06-18,98,EXCELLENT,7.4,1.31,4.09,1.61,0.39,44,49,73,76,BALANCED,,15.6,71,8.0,
2026-06-17,97,EXCELLENT,8.17,1.36,4.76,1.74,0.31,44,47,73,72,BALANCED,,15.6,72,8.0,
2026-06-16,86,GOOD,6.59,1.58,3.22,1.39,0.4,45,48,79,81,BALANCED,,13.1,44,8.0,
2026-06-13,95,EXCELLENT,8.31,1.68,4.44,1.89,0.3,47,49,77,79,BALANCED,,15.8,54,8.0,
2026-06-12,96,EXCELLENT,7.78,1.33,4.74,1.56,0.15,43,49,76,77,BALANCED,,15.7,74,8.0,
2026-06-10,93,EXCELLENT,6.49,1.28,3.73,1.23,0.25,44,50,84,82,BALANCED,,13.1,51,8.0,
2026-06-09,91,EXCELLENT,7.21,1.48,3.98,1.37,0.38,48,53,83,82,BALANCED,,14.1,43,8.0,
2026-06-07,96,EXCELLENT,6.29,1.06,3.68,1.14,0.41,45,51,79,80,BALANCED,,13.2,50,8.0,
2026-06-06,91,EXCELLENT,7.2,1.44,3.6,1.8,0.36,48,50,76,79,BALANCED,,14.7,48,8.0,
2026-06-05,98,EXCELLENT,7.82,1.49,4.43,1.51,0.39,45,50,78,79,BALANCED,,15.7,65,8.0,
2026-06-03,85,GOOD,6.5,1.14,3.28,1.66,0.42,44,48,72,74,BALANCED,,15.7,46,8.0,
2026-06-02,98,EXCELLENT,7.66,1.7,4.22,1.54,0.2,44,47,78,76,BALANCED,,15.2,66,8.0,
2026-05-31,95,EXCELLENT,7.24,1.54,4.05,1.44,0.21,46,48,75,75,BALANCED,,13.8,64,8.0,
2026-05-30,98,EXCELLENT,7.92,1.31,4.19,2.04,0.38,47,53,85,88,BALANCED,,15.0,62,8.0,
2026-05-29,95,EXCELLENT,8.04,1.8,3.73,2.02,0.49,44,51,76,79,BALANCED,,14.0,64,8.0,
2026-05-28,98,EXCELLENT,7.63,1.72,3.88,1.58,0.45,48,51,77,78,BALANCED,,14.6,57,8.0,
2026-05-27,98,EXCELLENT,7.51,1.79,3.89,1.44,0.39,46,50,81,82,BALANCED,,14.6,75,8.0,
2026-05-24,94,EXCELLENT,7.84,1.86,3.87,1.87,0.24,47,50,85,87,BALANCED,,13.6,76,8.0,
2026-05-23,98,EXCELLENT,8.06,1.9,4.17,1.66,0.33,45,50,73,75,BALANCED,,13.6,55,8.0,
2026-05-21,86,GOOD,7.4,1.26,4.43,1.56,0.15,47,54,77,77,BALANCED,,15.4,80,8.0,
2026-05-19,94,EXCELLENT,7.73,1.41,4.23,1.94,0.15,47,49,80,78,BALANCED,,14.8,73,8.0,
2026-05-18,96,EXCELLENT,7.14,1.57,3.66,1.57,0.34,47,54,75,72,BALANCED,,13.3,53,8.0,
2026-05-17,89,GOOD,7.79,1.68,4.21,1.46,0.44,45,51,87,86,BALANCED,,15.8,67,8.0,
2026-05-14,96,EXCELLENT,7.6,1.65,3.87,1.66,0.42,48,53,72,72,BALANCED,,15.3,55,8.0,
2026-05-13,91,EXCELLENT,7.47,1.76,3.84,1.62,0.25,47,51,75,74,BALANCED,,14.0,41,8.0,
2026-05-12,95,EXCELLENT,8.32,1.85,4.3,1.84,0.33,47,51,79,81,BALANCED,,15.5,62,8.0,
2026-05-11,93,EXCELLENT,8.54,1.6,4.81,1.73,0.4,48,52,78,77,BALANCED,,15.9,56,8.0,
2026-05-09,98,EXCELLENT,7.71,1.48,4.39,1.7,0.14,46,50,79,81,BALANCED,,14.5,70,8.0,
2026-05-08,98,EXCELLENT,7.92,1.69,4.12,1.62,0.49,48,52,72,69,BALANCED,,15.1,50,8.0,
2026-05-07,98,EXCELLENT,7.07,1.47,4.0,1.31,0.29,48,50,76,74,BALANCED,,15.5,79,8.0,
2026-05-06,97,EXCELLENT,6.69,1.5,3.27,1.56,0.36,45,50,85,82,BALANCED,,14.0,50,8.0,
2026-05-05,98,EXCELLENT,8.3,1.74,4.29,1.82,0.45,44,47,73,72,BALANCED,,13.8,77,8.0,
2026-05-04,86,GOOD,6.62,1.14,3.44,1.59,0.45,46,50,74,75,BALANCED,,13.6,57,8.0,
2026-05-02,98,EXCELLENT,8.83,1.75,4.78,1.86,0.44,44,50,81,83,BALANCED,,15.3,73,8.0,
2026-05-01,98,EXCELLENT,6.95,1.5,3.74,1.43,0.28,47,49,78,79,BALANCED,,15.0,51,8.0,
2026-04-30,95,EXCELLENT,6.6,1.45,3.31,1.7,0.14,47,54,84,81,BALANCED,,13.6,44,8.0,
2026-04-29,90,EXCELLENT,6.91,1.62,3.56,1.55,0.18,47,54,71,72,BALANCED,,13.8,41,8.0,
2026-04-28,95,EXCELLENT,5.72,1.21,2.92,1.16,0.43,44,49,75,74,BALANCED,,14.0,57,8.0,
2026-04-27,98,EXCELLENT,9.14,1.91,4.89,2.14,0.2,45,50,71,74,BALANCED,,13.6,80,8.0,
2026-04-26,92,EXCELLENT,7.84,1.62,3.99,1.88,0.35,47,49,75,76,BALANCED,,15.8,72,8.0,
2026-04-25,87,GOOD,7.29,1.53,4.02,1.44,0.3,47,51,75,78,BALANCED,,13.7,56,8.0,
2026-04-24,95,EXCELLENT,8.04,1.87,3.96,1.95,0.26,47,51,78,77,BALANCED,,13.9,61,8.0,
2026-04-22,98,EXCELLENT,6.38,1.47,3.28,1.22,0.41,49,54,84,83,BALANCED,,15.0,77,8.0,
2026-04-21,96,EXCELLENT,7.33,1.41,4.15,1.37,0.4,45,49,84,85,BALANCED,,14.7,75,8.0,
2026-04-19,93,EXCELLENT,8.5,1.8,4.61,1.81,0.28,45,50,72,74,BALANCED,,14.0,75,8.0,
2026-04-18,98,EXCELLENT,9.2,1.89,4.73,2.21,0.37,48,53,82,79,BALANCED,,13.2,68,8.0,
2026-04-17,98,EXCELLENT,8.25,1.9,4.15,1.74,0.46,44,49,75,78,BALANCED,,13.7,65,8.0,
2026-04-16,95,EXCELLENT,6.76,1.14,3.68,1.66,0.28,45,47,71,69,BALANCED,,13.6,74,8.0,
2026-04-14,95,EXCELLENT,6.8,1.58,3.51,1.61,0.1,48,55,81,81,BALANCED,,13.5,40,8.0,
2026-04-13,97,EXCELLENT,8.09,1.57,4.63,1.53,0.36,48,54,72,73,BALANCED,,14.4,56,8.0,
2026-04-12,93,EXCELLENT,6.74,1.12,3.89,1.55,0.18,44,49,86,86,BALANCED,,14.0,59,8.0,
2026-04-10,96,EXCELLENT,8.05,1.77,4.12,1.71,0.45,47,54,84,81,BALANCED,,14.2,72,8.0,
2026-04-08,95,EXCELLENT,6.55,1.52,3.44,1.38,0.21,45,47,73,75,BALANCED,,13.1,63,8.0,
2026-04-07,98,EXCELLENT,7.48,1.48,3.92,1.61,0.47,46,51,78,80,BALANCED,,14.2,63,8.0,
2026-04-06,96,EXCELLENT,7.41,1.38,3.72,1.89,0.42,46,50,82,85,BALANCED,,13.3,55,8.0,
2026-04-05,98,EXCELLENT,7.85,1.69,4.41,1.57,0.18,46,48,73,70,BALANCED,,14.4,67,8.0,
2026-04-04,98,EXCELLENT,6.85,1.21,4.03,1.36,0.25,48,53,80,83,BALANCED,,13.1,69,8.0,
2026-04-03,91,EXCELLENT,5.94,1.09,3.34,1.13,0.38,44,47,86,84,BALANCED,,13.1,49,8.0,
2026-04-02,94,EXCELLENT,7.87,1.83,3.98,1.67,0.39,46,53,79,76,BALANCED,,14.5,60,8.0,
2026-04-01,98,EXCELLENT,8.15,1.87,4.15,1.66,0.47,46,51,77,79,BALANCED,,15.9,69,8.0,
2026-03-31,79,FAIR,5.52,1.22,2.86,1.03,0.41,48,54,78,78,BALANCED,,13.2,61,8.0,
2026-03-29,98,EXCELLENT,7.95,1.56,4.24,1.92,0.23,45,51,81,80,BALANCED,,14.0,65,8.0,
2026-03-28,95,EXCELLENT,6.98,1.27,3.86,1.45,0.4,47,51,80,80,BALANCED,,13.1,77,8.0,
2026-03-27,82,GOOD,6.39,1.03,3.53,1.56,0.27,44,50,84,87,BALANCED,,14.1,72,8.0,
2026-03-26,98,EXCELLENT,7.59,1.66,4.31,1.5,0.12,44,51,84,87,BALANCED,,15.3,62,8.0,
2026-03-25,98,EXCELLENT,7.89,1.57,4.58,1.48,0.26,47,50,72,71,BALANCED,,15.1,56,8.0,
2026-03-24,98,EXCELLENT,7.25,1.68,3.86,1.44,0.27,45,47,83,82,BALANCED,,15.8,47,8.0,
2026-03-23,98,EXCELLENT,7.75,1.33,4.02,2.0,0.4,44,47,73,76,BALANCED,,13.6,47,8.0,
2026-03-21,88,GOOD,7.05,1.58,4.01,1.31,0.15,47,52,81,84,BALANCED,,14.7,74,8.0,
2026-03-20,88,GOOD,6.99,1.28,3.9,1.56,0.25,49,56,77,78,BALANCED,,16.0,69,8.0,
2026-03-19,82,GOOD,6.3,1.2,3.18,1.49,0.43,47,54,73,75,BALANCED,,15.5,45,8.0,
2026-03-18,95,EXCELLENT,8.02,1.5,4.33,2.08,0.11,48,50,85,83,BALANCED,,14.3,67,8.0,
2026-03-17,96,EXCELLENT,7.38,1.59,3.76,1.75,0.28,48,53,72,73,BALANCED,,14.8,71,8.0,
2026-03-16,92,EXCELLENT,8.15,1.93,4.08,1.67,0.47,49,53,85,88,BALANCED,,14.8,44,8.0,
2026-03-15,98,EXCELLENT,6.64,1.08,3.68,1.71,0.17,48,54,71,68,BALANCED,,15.4,77,8.0,
2026-03-13,98,EXCELLENT,7.03,1.2,4.37,1.33,0.13,45,52,74,77,BALANCED,,14.4,70,8.0,
2026-03-12,91,EXCELLENT,7.13,1.64,3.37,1.63,0.49,47,50,74,77,BALANCED,,15.8,47,8.0,
2026-03-11,87,GOOD,6.51,1.53,3.38,1.24,0.36,45,49,75,76,BALANCED,,15.7,66,8.0,
2026-03-09,98,EXCELLENT,7.92,1.63,4.29,1.8,0.2,45,51,78,80,BALANCED,,14.8,41,8.0,
2026-03-06,97,EXCELLENT,7.16,1.5,3.86,1.64,0.16,45,47,71,71,BALANCED,,14.8,78,8.0,
2026-03-05,82,GOOD,5.81,1.16,3.07,1.14,0.44,48,50,85,82,BALANCED,,13.3,52,8.0,
2026-03-04,94,EXCELLENT,7.57,1.52,3.74,1.87,0.44,44,49,75,76,BALANCED,,13.9,42,8.0,
2026-03-03,98,EXCELLENT,7.07,1.27,3.78,1.77,0.25,48,54,75,74,BALANCED,,14.0,68,8.0,
2026-03-02,97,EXCELLENT,7.2,1.7,3.55,1.65,0.3,47,49,74,76,BALANCED,,15.6,45,8.0,
2026-03-01,92,EXCELLENT,7.38,1.26,4.19,1.6,0.33,48,55,72,70,BALANCED,,16.0,76,8.0,
2026-02-28,85,GOOD,6.89,1.21,3.54,1.68,0.46,49,56,84,87,BALANCED,,15.4,44,8.0,
2026-02-27,92,EXCELLENT,7.13,1.34,3.82,1.73,0.24,45,52,76,78,BALANCED,,13.5,51,8.0,
2026-02-26,98,EXCELLENT,7.25,1.38,3.65,1.84,0.38,47,54,85,84,BALANCED,,14.9,46,8.0,
2026-02-25,89,GOOD,7.34,1.22,4.11,1.63,0.38,48,52,83,80,BALANCED,,14.6,53,8.0,
2026-02-23,89,GOOD,7.41,1.41,4.09,1.68,0.23,46,53,74,76,BALANCED,,15.9,69,8.0,
2026-02-22,84,GOOD,6.92,1.44,3.89,1.36,0.23,45,47,75,72,BALANCED,,13.6,63,8.0,
2026-02-21,83,GOOD,6.67,1.17,3.44,1.7,0.36,46,53,74,71,BALANCED,,14.1,58,8.0,
2026-02-20,88,GOOD,6.17,1.29,3.16,1.56,0.16,47,53,82,83,BALANCED,,14.8,59,8.0,
2026-02-19,95,EXCELLENT,6.5,1.18,3.53,1.68,0.11,47,52,84,83,BALANCED,,13.6,72,8.0,
2026-02-18,93,EXCELLENT,6.53,1.42,3.39,1.61,0.11,49,54,82,85,BALANCED,,14.5,71,8.0,
2026-02-17,98,EXCELLENT,6.78,1.14,3.63,1.76,0.25,47,51,80,77,BALANCED,,14.7,70,8.0,
2026-02-16,92,EXCELLENT,6.65,1.52,2.97,1.68,0.48,48,52,72,72,BALANCED,,15.6,72,8.0,
2026-02-15,95,EXCELLENT,7.36,1.58,3.93,1.64,0.21,48,53,80,83,BALANCED,,13.1,53,8.0,
2026-02-14,94,EXCELLENT,7.18,1.31,3.87,1.51,0.49,47,54,83,83,BALANCED,,14.9,52,8.0,
2026-02-11,98,EXCELLENT,8.04,1.34,4.21,2.0,0.49,49,55,76,76,BALANCED,,15.4,75,8.0,
2026-02-10,93,EXCELLENT,7.35,1.37,4.4,1.37,0.21,46,48,79,78,BALANCED,,14.9,65,8.0,
2026-02-09,91,EXCELLENT,7.08,1.69,3.61,1.3,0.48,44,49,78,78,BALANCED,,13.4,59,8.0,
2026-02-08,98,EXCELLENT,7.88,1.3,4.27,1.89,0.42,48,54,69,69,BALANCED,,14.3,58,8.0,
2026-02-06,96,EXCELLENT,7.19,1.22,4.32,1.46,0.19,44,51,73,70,BALANCED,,13.2,66,8.0,
2026-02-05,98,EXCELLENT,8.44,1.67,4.15,2.17,0.45,48,53,70,72,BALANCED,,14.9,60,8.0,
2026-02-04,92,EXCELLENT,8.52,1.59,4.82,1.89,0.22,45,50,84,84,BALANCED,,13.0,49,8.0,
2026-02-03,98,EXCELLENT,7.65,1.59,4.07,1.84,0.15,48,55,73,76,BALANCED,,14.1,67,8.0,
2026-02-02,97,EXCELLENT,8.2,1.63,4.58,1.61,0.38,46,51,82,79,BALANCED,,13.8,44,8.0,
2026-02-01,87,GOOD,5.21,0.91,2.78,1.21,0.31,49,56,70,70,BALANCED,,15.0,55,8.0,
2026-01-31,90,EXCELLENT,7.11,1.35,3.59,1.79,0.38,45,48,69,68,BALANCED,,13.6,68,8.0,
2026-01-30,98,EXCELLENT,7.47,1.78,3.51,1.91,0.27,47,49,70,68,BALANCED,,15.5,71,8.0,
2026-01-27,98,EXCELLENT,7.64,1.8,4.0,1.52,0.32,44,51,75,72,BALANCED,,14.9,40,8.0,
2026-01-26,98,EXCELLENT,8.2,1.43,4.43,2.1,0.24,48,51,77,77,BALANCED,,14.6,61,8.0,
2026-01-24,97,EXCELLENT,6.48,1.17,3.38,1.64,0.29,46,53,76,76,BALANCED,,14.8,45,8.0,
2026-01-22,96,EXCELLENT,7.97,1.65,4.07,1.98,0.27,49,52,80,79,BALANCED,,15.3,64,8.0,
2026-01-21,84,GOOD,6.17,1.02,3.68,1.17,0.3,47,50,83,85,BALANCED,,13.0,71,8.0,
2026-01-20,86,GOOD,6.62,1.18,3.53,1.69,0.22,48,54,72,75,BALANCED,,13.9,51,8.0,
2026-01-18,90,EXCELLENT,6.52,1.3,3.56,1.35,0.31,47,52,75,75,BALANCED,,13.6,75,8.0,
2026-01-17,89,GOOD,7.45,1.63,3.67,1.84,0.31,48,51,76,78,BALANCED,,15.4,60,8.0,
2026-01-16,93,EXCELLENT,6.92,1.48,3.5,1.6,0.34,46,48,73,71,BALANCED,,14.7,53,8.0,
2026-01-14,93,EXCELLENT,6.12,1.1,3.3,1.25,0.47,46,49,75,75,BALANCED,,14.8,47,8.0,
2026-01-13,91,EXCELLENT,7.28,1.66,3.79,1.66,0.17,48,51,76,73,BALANCED,,15.4,51,8.0,
2026-01-12,89,GOOD,7.3,1.25,4.5,1.42,0.13,44,51,80,80,BALANCED,,13.5,48,8.0,
2026-01-10,96,EXCELLENT,7.53,1.5,4.5,1.37,0.16,49,51,78,75,BALANCED,,15.4,47,8.0,
2026-01-09,98,EXCELLENT,8.38,1.43,4.7,1.77,0.48,48,53,71,70,BALANCED,,14.7,65,8.0,
2026-01-08,98,EXCELLENT,7.34,1.2,4.09,1.87,0.18,46,53,70,69,BALANCED,,13.3,46,8.0,
2026-01-05,87,GOOD,7.2,1.54,4.18,1.35,0.13,48,53,72,74,BALANCED,,16.0,59,8.0,
2026-01-04,98,EXCELLENT,8.7,1.63,5.36,1.59,0.12,48,55,81,79,BALANCED,,15.0,74,8.0,
2026-01-02,98,EXCELLENT,8.79,1.99,4.19,2.15,0.46,49,56,80,82,BALANCED,,13.3,48,8.0,
2026-01-01,92,EXCELLENT,7.68,1.52,4.16,1.59,0.41,49,51,69,69,BALANCED,,15.0,76,8.0,
2025-12-31,93,EXCELLENT,8.15,1.47,4.8,1.48,0.4,45,48,80,80,BALANCED,,15.2,51,8.0,
2025-12-30,93,EXCELLENT,7.19,1.5,3.74,1.72,0.23,48,54,82,80,BALANCED,,14.2,70,8.0,
2025-12-29,87,GOOD,7.29,1.19,4.38,1.5,0.22,47,51,74,76,BALANCED,,13.4,69,8.0,
2025-12-28,98,EXCELLENT,7.33,1.55,3.69,1.69,0.4,46,50,79,81,BALANCED,,14.4,57,8.0,
2025-12-27,92,EXCELLENT,8.05,1.35,4.89,1.54,0.27,46,53,69,71,BALANCED,,13.3,70,8.0,
2025-12-26,98,EXCELLENT,7.48,1.36,4.33,1.61,0.18,45,51,70,67,BALANCED,,15.5,51,8.0,
2025-12-25,98,EXCELLENT,8.53,2.03,3.83,2.18,0.49,47,53,81,81,BALANCED,,13.3,52,8.0,
2025-12-23,96,EXCELLENT,7.79,1.38,4.03,1.9,0.48,45,52,74,71,BALANCED,,14.2,54,8.0,
2025-12-21,98,EXCELLENT,8.29,1.67,4.74,1.76,0.12,45,48,77,74,BALANCED,,14.6,68,8.0,
2025-12-19,85,GOOD,6.82,1.22,3.52,1.64,0.44,46,48,79,77,BALANCED,,14.1,70,8.0,
2025-12-18,78,FAIR,5.77,1.38,2.65,1.33,0.41,47,53,81,81,BALANCED,,15.0,50,8.0,
2025-12-15,92,EXCELLENT,7.41,1.44,3.97,1.63,0.37,45,49,67,67,BALANCED,,15.7,59,8.0,
2025-12-13,94,EXCELLENT,8.37,1.38,4.81,1.86,0.32,47,51,79,78,BALANCED,,15.6,40,8.0,
2025-12-12,95,EXCELLENT,7.21,1.35,3.59,1.87,0.4,48,50,75,72,BALANCED,,14.0,43,8.0,
2025-12-10,90,EXCELLENT,7.99,1.88,4.2,1.71,0.2,46,50,77,80,BALANCED,,13.6,51,8.0,
2025-12-09,87,GOOD,7.55,1.47,4.06,1.85,0.17,49,52,75,72,BALANCED,,16.0,74,8.0,
2025-12-06,98,EXCELLENT,8.31,1.76,4.54,1.6,0.41,49,54,81,84,BALANCED,,14.9,44,8.0,
2025-12-05,98,EXCELLENT,7.63,1.64,4.4,1.42,0.17,47,54,82,84,BALANCED,,13.3,71,8.0,
2025-12-03,95,EXCELLENT,7.49,1.74,3.52,1.77,0.46,49,52,71,73,BALANCED,,13.4,50,8.0,
2025-12-02,97,EXCELLENT,8.15,1.47,4.32,1.99,0.37,46,49,69,67,BALANCED,,13.8,57,8.0,
2025-12-01,87,GOOD,7.44,1.44,4.36,1.43,0.21,46,51,72,71,BALANCED,,15.9,76,8.0,
2025-11-28,91,EXCELLENT,7.08,1.21,3.74,1.81,0.32,49,56,76,73,BALANCED,,14.3,62,8.0,
2025-11-25,91,EXCELLENT,7.43,1.33,4.35,1.47,0.28,45,48,74,75,BALANCED,,15.3,52,8.0,
2025-11-24,98,EXCELLENT,7.07,1.55,3.94,1.41,0.17,48,52,69,69,BALANCED,,14.2,60,8.0,
2025-11-23,87,GOOD,7.59,1.62,4.27,1.4,0.3,50,53,75,74,BALANCED,,15.6,52,8.0,
2025-11-22,98,EXCELLENT,7.28,1.29,4.02,1.53,0.44,48,55,81,83,BALANCED,,14.0,68,8.0,
2025-11-21,98,EXCELLENT,8.57,1.98,3.95,2.22,0.42,47,49,71,69,BALANCED,,13.2,47,8.0,
2025-11-20,86,GOOD,6.47,1.31,3.72,1.3,0.14,49,52,70,67,BALANCED,,14.8,47,8.0,
2025-11-19,94,EXCELLENT,7.49,1.54,4.09,1.58,0.28,48,54,81,78,BALANCED,,15.6,51,8.0,
2025-11-18,86,GOOD,6.88,1.11,4.15,1.49,0.13,48,53,69,66,BALANCED,,14.6,43,8.0,
2025-11-13,98,EXCELLENT,7.95,1.71,4.4,1.72,0.12,50,57,77,76,BALANCED,,15.2,44,8.0,
2025-11-11,98,EXCELLENT,8.42,1.76,4.2,2.18,0.28,49,52,78,75,BALANCED,,13.5,67,8.0,
2025-11-10,96,EXCELLENT,8.2,1.66,4.09,1.97,0.48,49,53,69,66,BALANCED,,15.8,40,8.0,
2025-11-08,98,EXCELLENT,7.62,1.82,3.39,1.98,0.43,48,51,76,74,BALANCED,,13.3,56,8.0,
2025-11-06,98,EXCELLENT,7.31,1.22,4.09,1.67,0.33,45,48,80,81,BALANCED,,13.1,44,8.0,
2025-11-04,98,EXCELLENT,6.62,1.29,3.48,1.58,0.27,46,50,77,76,BALANCED,,13.4,56,8.0,
2025-11-01,94,EXCELLENT,7.03,1.65,3.52,1.49,0.37,47,53,70,67,BALANCED,,13.1,53,8.0,
2025-10-31,98,EXCELLENT,7.73,1.48,4.42,1.41,0.42,48,50,79,76,BALANCED,,14.1,74,8.0,
2025-10-30,98,EXCELLENT,7.5,1.25,4.24,1.64,0.37,46,52,68,65,BALANCED,,14.7,55,8.0,
2025-10-29,89,GOOD,6.77,1.51,3.38,1.43,0.45,50,56,70,71,BALANCED,,14.3,64,8.0,
2025-10-28,96,EXCELLENT,5.92,1.03,3.55,1.12,0.22,48,52,66,66,BALANCED,,15.2,44,8.0,
2025-10-27,83,GOOD,6.44,1.43,3.57,1.16,0.28,46,51,74,76,BALANCED,,13.4,41,8.0,
2025-10-26,90,EXCELLENT,7.56,1.32,4.13,1.75,0.36,46,52,76,79,BALANCED,,13.9,58,8.0,
2025-10-25,98,EXCELLENT,6.97,1.56,3.32,1.7,0.39,46,48,69,70,BALANCED,,13.3,62,8.0,
2025-10-24,95,EXCELLENT,7.74,1.4,4.3,1.8,0.24,48,53,74,72,BALANCED,,15.3,64,8.0,
2025-10-23,87,GOOD,6.52,1.45,3.6,1.29,0.18,47,53,75,78,BALANCED,,13.1,68,8.0,
2025-10-21,97,EXCELLENT,8.89,1.76,4.51,2.31,0.31,46,50,76,75,BALANCED,,15.8,56,8.0,
2025-10-20,98,EXCELLENT,6.9,1.56,3.05,1.79,0.5,49,53,75,72,BALANCED,,14.8,74,8.0,
2025-10-18,96,EXCELLENT,6.27,1.27,3.28,1.54,0.18,49,55,68,70,BALANCED,,15.3,42,8.0,
2025-10-17,95,EXCELLENT,7.27,1.55,4.06,1.43,0.23,49,55,68,71,BALANCED,,15.4,45,8.0,
2025-10-16,94,EXCELLENT,6.47,1.34,3.26,1.42,0.45,47,51,72,70,BALANCED,,13.6,67,8.0,
2025-10-14,94,EXCELLENT,6.78,1.56,3.55,1.32,0.35,49,51,69,70,BALANCED,,13.8,70,8.0,
2025-10-13,85,GOOD,6.45,1.22,3.46,1.31,0.46,45,50,66,64,BALANCED,,13.1,53,8.0,
2025-10-12,90,EXCELLENT,7.83,1.37,4.21,1.88,0.37,47,49,78,76,BALANCED,,15.3,68,8.0,
2025-10-11,91,EXCELLENT,7.08,1.33,3.61,1.83,0.31,48,50,66,65,BALANCED,,13.2,60,8.0,
2025-10-10,94,EXCELLENT,8.83,1.95,4.59,1.95,0.34,45,48,74,71,BALANCED,,13.4,69,8.0,
2025-10-09,92,EXCELLENT,7.44,1.35,4.45,1.51,0.13,46,53,72,72,BALANCED,,13.7,71,8.0,
2025-10-08,94,EXCELLENT,6.46,1.04,3.85,1.2,0.37,49,52,76,74,BALANCED,,13.8,42,8.0,
2025-10-06,98,EXCELLENT,7.99,1.53,4.66,1.69,0.11,49,55,72,69,BALANCED,,15.5,63,8.0,
2025-10-05,94,EXCELLENT,8.65,1.52,5.03,1.7,0.4,49,56,74,75,BALANCED,,15.0,53,8.0,
2025-10-04,92,EXCELLENT,7.5,1.75,3.34,1.94,0.47,48,51,70,71,BALANCED,,14.2,68,8.0,
2025-10-03,98,EXCELLENT,8.2,1.45,4.87,1.5,0.38,46,50,69,67,BALANCED,,13.0,62,8.0,
2025-10-02,97,EXCELLENT,7.57,1.3,4.55,1.6,0.12,46,49,66,69,BALANCED,,14.3,56,8.0,
2025-09-30,94,EXCELLENT,8.73,2.01,4.69,1.92,0.11,46,48,76,73,BALANCED,,14.5,74,8.0,
2025-09-29,97,EXCELLENT,7.85,1.29,4.31,1.87,0.38,49,55,68,66,BALANCED,,15.7,61,8.0,
2025-09-27,98,EXCELLENT,6.65,1.48,3.18,1.62,0.37,46,53,68,67,BALANCED,,14.3,80,8.0,
2025-09-24,90,EXCELLENT,7.76,1.5,4.27,1.79,0.2,50,57,79,76,BALANCED,,13.4,75,8.0,
2025-09-23,93,EXCELLENT,7.29,1.55,3.45,1.87,0.42,48,51,71,69,BALANCED,,15.8,78,8.0,
2025-09-22,98,EXCELLENT,7.83,1.3,4.87,1.45,0.21,46,53,67,65,BALANCED,,13.0,71,8.0,
2025-09-21,88,GOOD,7.25,1.21,4.51,1.33,0.2,48,51,66,63,BALANCED,,14.9,64,8.0,
2025-09-20,94,EXCELLENT,5.87,1.06,2.96,1.36,0.49,46,51,80,81,BALANCED,,13.2,58,8.0,
2025-09-19,95,EXCELLENT,7.25,1.45,3.94,1.38,0.48,47,50,77,80,BALANCED,,15.2,78,8.0,
2025-09-16,98,EXCELLENT,8.79,1.44,4.85,2.02,0.48,49,51,73,76,BALANCED,,14.6,76,8.0,
2025-09-15,93,EXCELLENT,7.5,1.36,3.89,1.9,0.35,48,52,80,80,BALANCED,,13.1,56,8.0,
2025-09-14,93,EXCELLENT,7.35,1.34,4.24,1.57,0.2,49,55,76,76,BALANCED,,13.5,51,8.0,
2025-09-13,81,GOOD,6.19,1.4,2.85,1.5,0.44,49,54,67,65,BALANCED,,14.4,70,8.0,
2025-09-11,98,EXCELLENT,7.6,1.5,3.86,1.8,0.44,49,55,66,66,BALANCED,,13.9,55,8.0,
2025-09-10,98,EXCELLENT,7.22,1.37,3.72,1.78,0.35,49,54,78,81,BALANCED,,14.7,51,8.0,
2025-09-07,98,EXCELLENT,8.0,1.37,4.46,1.98,0.19,48,55,64,61,BALANCED,,14.8,40,8.0,
2025-09-05,98,EXCELLENT,7.41,1.73,3.64,1.75,0.29,49,56,71,72,BALANCED,,15.0,42,8.0,
2025-09-03,97,EXCELLENT,6.87,1.46,3.33,1.62,0.46,50,54,66,65,BALANCED,,13.6,49,8.0,
